title,url
What Is On-Chain Analysis?,https://www.babypips.com/crypto/learn/what-is-on-chain-analysis
Net Unrealized Profit/Loss (NUPL),https://www.babypips.com/crypto/learn/what-is-net-unrealized-profit-loss-nupl
Long/Short-Term On-chain Cost Basis,https://www.babypips.com/crypto/learn/long-short-term-on-chain-cost-basis
SOPR (Spent Output Profit Ratio),https://www.babypips.com/crypto/learn/what-is-soor
Market Value to Realized Value (MVRV),https://www.babypips.com/crypto/learn/what-is-mvrv
Long Term Holder MVRV,https://www.babypips.com/crypto/learn/what-is-long-term-mvrv
Short Term Holder MVRV,https://www.babypips.com/crypto/learn/what-is-sth-mvrv
MVRV Z-Score,https://www.babypips.com/crypto/learn/what-is-mvrv-z-score
Spot Volume,https://www.babypips.com/crypto/learn/what-is-spot-volume
Spot Volume Delta,https://www.babypips.com/crypto/learn/what-is-spot-volume-delta
Percent Balance on Exchanges,https://www.babypips.com/crypto/learn/what-is-percent-balance-on-exchanges
Net Transfer Volume,https://www.babypips.com/crypto/learn/what-is-net-transfer-volume
